<?xml version="1.0" encoding="UTF-8"?>
<!DOCTYPE suite SYSTEM "https://testng.org/testng-1.0.dtd">
<suite name="Suite" parallel="tests" thread-count="4">
	<listeners>
		<listener class-name="base.Listeners" />
	</listeners>
	
	<test thread-count="5" name="test-chrome1">
	 <parameter name="browser" value="chrome" />


		<classes>
		    <class name="testcase.Login" />
		    
		    
		    

		</classes>
	</test>
	
	
	<test thread-count="5" name="test-chrome2">
	 <parameter name="browser" value="firefox" />


		<classes>
		    
		    <class name="testcase.AddChampsTest" />
		    
		    

		</classes>
	</test>
	
<!--	<test thread-count="5" name="test-chrome3">
	 <parameter name="browser" value="chrome" />


		<classes>
		    
		    <class name="testcase.AddChampsWorkOrderTest" />
		    
		    
		    

		</classes>
	</test>
	
	<test thread-count="5" name="test-chrome4">
	 <parameter name="browser" value="chrome" />


		<classes>
		    
		    <class name="testcase.AddChampsWorkOrderVendorTest" />
		    
		    

		</classes>
	</test>-->
	
	<!-- <test thread-count="5" name="test-firefox">
	 <parameter name="browser" value="firefox" />
		

		<classes>
		    <class name="testcase.Login" />
		    <class name="testcase.AddChampsTest" />
		    <class name="testcase.AddChampsWorkOrderTest" />
		    <class name="testcase.AddChampsWorkOrderVendorTest" />
				

		</classes>
	</test> -->
</suite>


